Model,Accuracy,Image_Size
KNN,0.27325581395348836,128
SVM,0.38953488372093026,128
Random Forest,0.3808139534883721,128
Logistic Regression,0.3546511627906977,128
Decision Tree,0.27325581395348836,128
Naive Bayes,0.3226744186046512,128
Vanilla_CNN,0.6104651162790697,128
EfficientNetV2,0.936046511627907,128
