Model,Training_Time,Image_Size
KNN,0.000995635986328125,128
SVM,52.751566886901855,128
Random Forest,14.227532148361206,128
Logistic Regression,122.51577234268188,128
Decision Tree,46.320358753204346,128
Naive Bayes,0.8758831024169922,128
Vanilla_CNN,24.62686014175415,128
EfficientNetV2,57.93012809753418,128
